{
  "meta": {
    "version": 1,
    "savedAt": "2026-02-14T19:53:31.501Z"
  },
  "pins": [
    {
      "x": 14.500011959447946,
      "y": 1,
      "z": 0,
      "trackName": "Points_0"
    },
    {
      "x": -12.500007705440801,
      "y": 1,
      "z": 0,
      "trackName": "Points_0"
    },
    {
      "x": 14.500011959447946,
      "y": 1,
      "z": -1.2,
      "trackName": "Points_1"
    },
    {
      "x": -12.500007705440801,
      "y": 1,
      "z": -1.2,
      "trackName": "Points_1"
    }
  ]
}